Workbook

Sheet Self-Assessment
A1: Seft-Assessment
A2: No | B2: Criteria | C2: MAX Score | D2: 22127223
A3: 1 | B3: Thực thi tất cả TCs và cập nhật Test Results Score = MIN(2, Number of updated TCs / Total number of TCs * 2) | C3: 2 | D3: 2
A4: 2 | B4: Số lượng Bugs của mỗi thành viên phụ thuộc vào số thành viên trong nhóm theo qui định. Thông tin bugs mô tả rõ ràng đầy đủ. Score = MIN(5, Number of Bugs/ Hệ số) | C4: 5 | D4: =min($C4,COUNTIF('Defect Report'!$L:$L,D$2)/if($C$11>=4,1,if($C$11=3,2,if($C$11=2,3,4)))) -> 3
A5: 3 | B5: Defect Serverity Distribution đầy đủ chính xác | C5: 1 | D5: 1
A6: 4 | B6: Defect Summary đầy đủ, chính xác | C6: 1 | D6: 1
A7: 5 | B7: Trình bày rõ ràng, đúng mẫu quy định | C7: 1 | D7: 1
B8: Total | C8: =SUM(C3:C7) -> 10 | D8: =SUM(D3:D7) -> 8
B10: Link Build 1 | C10: https://nodejs1.ttbhanh.com/
B11: Số thành viên trong nhóm: | C11: 4
B12: Lưu ý: 1 nhóm tối đa 4 thành viên
B13: Số thành viên của nhóm: | C13: Hệ số
B14: Nhóm có >= 4 thành viên, mỗi thành viên có ít nhất 5 Bugs. | C14: 1
B15: Nhóm có 3 thành viên, mỗi thành viên có ít nhất 10 Bugs. | C15: 2
B16: Nhóm có 2 thành viên, mỗi thành viên có ít nhất 15 Bugs. | C16: 3
B17: Nhóm có 1 thành viên (làm cá nhân), thành viên có ít nhất 20 Bugs. | C17: 4
B19: Deadline lan 1: 23h59 01/06/2025 | C19: Ko yeu cau bai lam phai hoan chinh, SV nop de GV gop y
B20: Deadline cuoi: 23h59 08/06/2025

Sheet Requirement List
A1: No. | B1: ID | C1: Requirement Name | D1: Details | E1: Remark
A2: 1 | B2: R001 | C2: Login
A3: 2 | B3: R002 | C3: Sign up
A4: <<< Insert New Line above this line >>>

Sheet Defect Report
A1: No. | B1: BugID | C1: Status | D1: Requirement Name | E1: Summary | F1: Steps to reproduce | G1: Severity | H1: Frequency | I1: Priority | J1: Attachment (Link to file) | K1: Date | L1: Reporter | M1: Build
A2: LOGIN-B001 | B2: New | C2: Login accepts empty email without frontend validation | D2: 1. Go to the login page2. Input: email=, password=CorrectPass1233. Submit the form | E2: Show email required error | F2: - Platform: Safari , MacOS 15 - Server: https://with-bugs.practicesoftwaretesting.com/#/auth/login Step: 1. Go to the login page 2. Input: email=, password=CorrectPass123 3. Submit the form Expected result: Show email required error Actual result: No error shown; submitted to backend" | G2: Major | H2: Always | I2: Urgent | K2: 08-Jun-2025 | L2: 22127223 | M2: sprint5-with-bugs
A3: LOGIN-B002 | B3: New | C3: Login accepts empty password without frontend validation | D3: 1. Go to the login page2. Input: email=user@example.com, password=3. Submit the form | E3: Show password required error | F3: - Platform: Safari , MacOS 15 - Server: https://with-bugs.practicesoftwaretesting.com/#/auth/login Step: 1. Go to the login page 2. Input: email=user@example.com, password= 3. Submit the form Expected result: Show password required error Actual result: No error shown; submitted to backend" | G3: Major | H3: Always | I3: Urgent | K3: 08-Jun-2025 | L3: 22127223 | M3: sprint5-with-bugs
A4: LOGIN-B003 | B4: New | C4: Login bypassed using SQL injection | D4: 1. Go to the login page2. Input: email=' OR 1=1 --, password=anything3. Submit the form | E4: Reject login attempt | F4: - Platform: Safari , MacOS 15 - Server: https://with-bugs.practicesoftwaretesting.com/#/auth/login Step: 1. Go to the login page 2. Input: email=' OR 1=1 --, password=anything 3. Submit the form Expected result: Reject login attempt Actual result: Login accepted (BUG: SQLi bypass) | G4: Crash | H4: Always | I4: Immediate | K4: 08-Jun-2025 | L4: 22127223 | M4: sprint5-with-bugs
A5: <<< Insert New Line above this line >>>

Sheet Defect Severity Distribution
A1: DEFECT SEVERITY DISTRIBUTION
A2: No. | B2: Requirement Name | C2: Block | D2: Crash | E2: Major | F2: Minor | G2: Tweak | H2: Text | I2: Trivial | J2: Feature | K2: Total | L2: Fixed | M2: Not fixed
A3: 1 | B3: ='Requirement List'!C2 -> Login | C3: =COUNTIFS('Defect Report'!$L:$L,'Defect Severity Distribution'!$B3,'Defect Report'!$G:$G,C$2) -> 0 | D3: =COUNTIFS('Defect Report'!$D:$D,'Defect Severity Distribution'!$B3,'Defect Report'!$G:$G,D$2) -> 0 | E3: =COUNTIFS('Defect Report'!$D:$D,'Defect Severity Distribution'!$B3,'Defect Report'!$G:$G,E$2) -> 0 | F3: =COUNTIFS('Defect Report'!$D:$D,'Defect Severity Distribution'!$B3,'Defect Report'!$G:$G,F$2) -> 0 | G3: =COUNTIFS('Defect Report'!$D:$D,'Defect Severity Distribution'!$B3,'Defect Report'!$G:$G,G$2) -> 0 | H3: =COUNTIFS('Defect Report'!$D:$D,'Defect Severity Distribution'!$B3,'Defect Report'!$G:$G,H$2) -> 0 | I3: =COUNTIFS('Defect Report'!$D:$D,'Defect Severity Distribution'!$B3,'Defect Report'!$G:$G,I$2) -> 0 | J3: =COUNTIFS('Defect Report'!$D:$D,'Defect Severity Distribution'!$B3,'Defect Report'!$G:$G,J$2) -> 0 | K3: =SUM(C3:F3) -> 0 | L3: =COUNTIFS('Defect Report'!$D:$D,'Defect Severity Distribution'!$B3,'Defect Report'!$C:$C,"Closed") -> 0 | M3: =K3-L3 -> 0
A4: 2 | B4: ='Requirement List'!C3 -> Sign up | C4: =COUNTIFS('Defect Report'!$D:$D,'Defect Severity Distribution'!$B4,'Defect Report'!$G:$G,C$2) -> 0 | D4: =COUNTIFS('Defect Report'!$D:$D,'Defect Severity Distribution'!$B4,'Defect Report'!$G:$G,D$2) -> 0 | E4: =COUNTIFS('Defect Report'!$D:$D,'Defect Severity Distribution'!$B4,'Defect Report'!$G:$G,E$2) -> 0 | F4: =COUNTIFS('Defect Report'!$D:$D,'Defect Severity Distribution'!$B4,'Defect Report'!$G:$G,F$2) -> 0 | G4: =COUNTIFS('Defect Report'!$D:$D,'Defect Severity Distribution'!$B4,'Defect Report'!$G:$G,G$2) -> 0 | H4: =COUNTIFS('Defect Report'!$D:$D,'Defect Severity Distribution'!$B4,'Defect Report'!$G:$G,H$2) -> 0 | I4: =COUNTIFS('Defect Report'!$D:$D,'Defect Severity Distribution'!$B4,'Defect Report'!$G:$G,I$2) -> 0 | J4: =COUNTIFS('Defect Report'!$D:$D,'Defect Severity Distribution'!$B4,'Defect Report'!$G:$G,J$2) -> 0 | K4: =SUM(C4:F4) -> 0 | L4: =COUNTIFS('Defect Report'!$D:$D,'Defect Severity Distribution'!$B4,'Defect Report'!$C:$C,"Closed") -> 0 | M4: =K4-L4 -> 0
A5: <<< Insert New Line above this line >>> | B5: Total | C5: =SUM(C3:C4) -> 0 | D5: =SUM(D3:D4) -> 0 | E5: =SUM(E3:E4) -> 0 | F5: =SUM(F3:F4) -> 0 | G5: =SUM(G3:G4) -> 0 | H5: =SUM(H3:H4) -> 0 | I5: =SUM(I3:I4) -> 0 | J5: =SUM(J3:J4) -> 0 | ... M5: =SUM(M3:M4) -> 0

Sheet Summary
A1: Bug found per tester with priority
A2: Tester Name | B2: Immediate | C2: Urgent | D2: High | E2: Normal | F2: Low | G2: Subtotal
A3: 22127223 | B3: =COUNTIFS('Defect Report'!$L:$L,$A3,'Defect Report'!$I:$I,B$2) -> 1 | C3: =COUNTIFS('Defect Report'!$L:$L,$A3,'Defect Report'!$I:$I,C$2) -> 2 | D3: =COUNTIFS('Defect Report'!$L:$L,$A3,'Defect Report'!$I:$I,D$2) -> 0 | E3: =COUNTIFS('Defect Report'!$L:$L,$A3,'Defect Report'!$I:$I,E$2) -> 0 | F3: =COUNTIFS('Defect Report'!$L:$L,$A3,'Defect Report'!$I:$I,F$2) -> 0 | G3: =sum(B3:F3) -> 3
A4: Total | B4: =sum(G3) -> 3
A6: Bug found per tester today and total so far
A7: Tester Name | B7: # Bugs Found Today | C7: # Bug found so far
A8: 22127223 | B8: =countifs('Defect Report'!$L:$L,$A8,'Defect Report'!$K:$K,TODAY()) -> 0 | C8: =countifs('Defect Report'!$L:$L,$A8,'Defect Report'!$B:$B,"<>""") -> 3
A9: Student ID2 | B9: =countifs('Defect Report'!$L:$L,$A9,'Defect Report'!$K:$K,TODAY()) -> 0 | C9: =countifs('Defect Report'!$L:$L,$A9,'Defect Report'!$B:$B,"<>""") -> 0
A10: Student ID3 | B10: =countifs('Defect Report'!$L:$L,$A10,'Defect Report'!$K:$K,TODAY()) -> 0 | C10: =countifs('Defect Report'!$L:$L,$A10,'Defect Report'!$B:$B,"<>""") -> 0
A11: Total | B11: =sum(B8:B10) -> 0 | C11: =sum(C8:C10) -> 3
A13: Bug found per build
A14: Build | B14: # of Bug Found | C14: # of Bug Closed | D14: # Bug Reopened | E14: Date
A15: sprint5-with-bugs | B15: =countifs( 'Defect Report'!$B:$B,"<>""", 'Defect Report'!$M:$M,$A15) -> 3 | C15: =countifs('Defect Report'!$C:$C,"Closed", 'Defect Report'!$M:$M,$A15) -> 0 | D15: =countifs('Defect Report'!$C:$C,"Reopened", 'Defect Report'!$M:$M,$A15) -> 0
A16: Build 02 | B16: =countifs( 'Defect Report'!$B:$B,"<>""", 'Defect Report'!$M:$M,$A16) -> 0 | C16: =countifs('Defect Report'!$C:$C,"Closed", 'Defect Report'!$M:$M,$A16) -> 0 | D16: =countifs('Defect Report'!$C:$C,"Reopened", 'Defect Report'!$M:$M,$A16) -> 0
A17: Build 03 | B17: =countifs( 'Defect Report'!$B:$B,"<>""", 'Defect Report'!$M:$M,$A17) -> 0 | C17: =countifs('Defect Report'!$C:$C,"Closed", 'Defect Report'!$M:$M,$A17) -> 0 | D17: =countifs('Defect Report'!$C:$C,"Reopened", 'Defect Report'!$M:$M,$A17) -> 0
A18: Total | B18: =sum(B15:B17) -> 3 | C18: =sum(C15:C17) -> 0 | D18: =sum(D15:D17) -> 0

Sheet Legend
A1: Priority
A2: Immediate
A3: Urgent
A4: High
A5: Normal
A6: Low
A8: Defect Status
A9: New | B9: Opened
A10: Closed | B10: Fixed/Resolved
A11: Reopened
A14: Severity | B14: Description
A15: Block | B15: critical negative impact; this issue is holding up progress on another issue/task/project
A16: Crash | B16: severe negative impact; hardware/software necessary for job duties is crashed/crashing
A17: Major | B17: large negative impact; no workaround available
A18: Minor | B18: medium negative impact; no workaround available
A19: Tweak | B19: small negative impact; workaround is unavailable or is very complex/inefficient
A20: Text | B20: tiny negative impact; text-based content needs updated
A21: Trivial | B21: annoyance/hindrance; a simple workaround is available
A22: Feature | B22: no negative impact on current processes; request for additional functionality
A24: Frequency
A25: Always
A26: Sometimes
A27: Random
A28: Have not tried
A29: Unable to reproduce
A30: None
