Workbook

Sheet Self-Assessment
A1: Seft-Assessment
A2: No | B2: Criteria | C2: MAX Score | D2: 22127223
A3: 1 | B3: Các TC của các thành viên trong nhóm không trùng nhau. Tên TC được viết ngắn gọn, rõ ràng, mô tả rõ cần kiểm tra gì và kết quả mong đợi. TC không được quá phức tạp (kiểm tra nhiều điều kiện cùng một lúc). Các bước thực hiện của TC được mô tả rõ ràng, có dữ liệu cụ thể. Số lượng TC của mỗi thành viên phụ thuộc vào số thành viên trong nhóm theo qui định, Score = MIN(4, Number of TC/Hệ số thành viên) | C3: 4 | D3: =min($C3,countif('Test Cases'!$J:$J,D$2)/if($C$9>=4,2,if($C$9=3,3,if($C$9=2,4,if($C$9=1,5,5))))) -> 4
A4: 2 | B4: Các TC nên bao phủ tất cả các chức năng yêu cầu của website. Score = MIN(2.5, Number of requirements * 0.5) | C4: 2.5 | D4: =min($C4,(COUNTIF('Requirement List'!$F:$F,"<>0")-2)*2) -> 2.5
A5: 3 | B5: Các TC nên phủ tối thiểu 5 loại kiểm thử như kiểm chức năng, kiểm giao diện & tính tiện dụng, kiểm hiệu năng, kiểm bảo mật, kiểm tương thích. Score = MIN(2.5, Number of Test Type * 0.5) | C5: 2.5 | D5: =min($C5,(COUNTIF('Test Types'!$E:$E,"<>0")-2)*2) -> 2.5
A6: 4 | B6: Trình bày rõ ràng, đúng mẫu quy định | C6: 1 | D6: 1
B7: Total | C7: =SUM(C3:C6) -> 10 | D7: =SUM(D3:D6) -> 10
B9: Số thành viên trong nhóm: | C9: 4

Sheet Requirement List
A1: No. | B1: ID | C1: Requirement Name | D1: Details | E1: Remark | F1: Number of TCs
A2: 1 | B2: R001 | C2: Login | F2: =countif('Test Cases'!D:D,C2) -> 6
A3: 2 | B3: R002 | C3: Sign up | F3: =countif('Test Cases'!D:D,C3) -> 9
A4: <<< Insert New Line above this line >>> | D4: Total | E4: Total | F4: =SUM(F2:F3) -> 15

Sheet Test Types
A1: No. | B1: ID | C1: Test Type | D1: Details | E1: Number of TCs
A2: 1 | B2: EP | C2: Equivalence Partitioning | E2: =countif('Test Cases'!C:C,B2) -> 11
A3: 2 | B3: BVA | C3: Boundary Value Analysis | E3: =countif('Test Cases'!C:C,B3) -> 4
A4: <<< Insert New Line above this line >>> | D4: Total | E4: =SUM(E2:E3) -> 15

Sheet Test Cases
K1: Test Execution
A2: No. | B2: Test Case ID | C2: Test Type | D2: Requirement Name | E2: Test case name/Objective | F2: Precondition | G2: Test steps | H2: Test Data | I2: Expected Result | J2: Created By | K2: Actual Result | L2: Status | M2: Bug ID | N2: Tester | O2: Tested Date | P2: Remark
A3: 1 | B3: LOGIN-001 | C3: EP | D3: Login | E3: Valid login with correct credentials | F3: User must be on the login or registration page | G3: 1. Navigate to login/register page2. Input: email=user@example.com, password=CorrectPass1233. Submit form | H3: email=user@example.com, password=CorrectPass123 | I3: Redirect to dashboard | J3: 22127223 | K3: Redirected to dashboard | L3: Passed | N3: 22127223 | O3: 08-Jun-2025 | P3: Test executed successfully
A4: 2 | B4: LOGIN-002 | C4: EP | D4: Login | E4: Empty email field | F4: User must be on the login or registration page | G4: 1. Navigate to login/register page2. Input: email=, password=CorrectPass1233. Submit form | H4: email=, password=CorrectPass123 | I4: Show email required error | J4: 22127223 | K4: No error shown; submitted to backend | L4: Failed | M4: LOGIN-B001 | N4: 22127223 | O4: 08-Jun-2025 | P4: Test executed successfully
A5: 3 | B5: LOGIN-003 | C5: EP | D5: Login | E5: Empty password field | F5: User must be on the login or registration page | G5: 1. Navigate to login/register page2. Input: email=user@example.com, password=3. Submit form | H5: email=user@example.com, password= | I5: Show password required error | J5: 22127223 | K5: No error shown; submitted to backend | L5: Failed | M5: LOGIN-B002 | N5: 22127223 | O5: 08-Jun-2025 | P5: Test executed successfully
A6: 4 | B6: LOGIN-004 | C6: EP | D6: Login | E6: Invalid email format | F6: User must be on the login or registration page | G6: 1. Navigate to login/register page2. Input: email=user@, password=CorrectPass1233. Submit form | H6: email=user@, password=CorrectPass123 | I6: Show invalid email error | J6: 22127223 | K6: Backend rejects request with invalid email message | L6: Passed | N6: 22127223 | O6: 08-Jun-2025 | P6: Test executed successfully
A7: 5 | B7: LOGIN-005 | C7: EP | D7: Login | E7: Incorrect credentials | F7: User must be on the login or registration page | G7: 1. Navigate to login/register page2. Input: email=wrong@example.com, password=WrongPass3. Submit form | H7: email=wrong@example.com, password=WrongPass | I7: Show login failed error | J7: 22127223 | K7: Login failed message displayed | L7: Passed | N7: 22127223 | O7: 08-Jun-2025 | P7: Test executed successfully
A8: 6 | B8: LOGIN-006 | C8: EP | D8: Login | E8: SQL injection attempt | F8: User must be on the login or registration page | G8: 1. Navigate to login/register page2. Input: email=' OR 1=1 --, password=anything3. Submit form | H8: email=' OR 1=1 --, password=anything | I8: Reject login attempt | J8: 22127223 | K8: Login accepted (BUG: SQLi bypass) | L8: Failed | M8: LOGIN-B003 | N8: 22127223 | O8: 08-Jun-2025 | P8: Test executed successfully
A9: 7 | B9: SIGNUP-001 | C9: EP | D9: Sign Up | E9: Valid registration data | F9: User must be on the login or registration page | G9: 1. Navigate to login/register page2. Input: name=John Doe, email=john@example.com, password=StrongPass1, confirm=StrongPass13. Submit form | H9: name=John Doe, email=john@example.com, password=StrongPass1, confirm=StrongPass1 | I9: Account created successfully | J9: 22127223 | K9: Account created successfully | L9: Passed | N9: 22127223 | O9: 08-Jun-2025 | P9: Test executed successfully
A10: 8 | B10: SIGNUP-002 | C10: EP | D10: Sign Up | E10: Password mismatch | F10: User must be on the login or registration page | G10: 1. Navigate to login/register page2. Input: name=John Doe, email=john@example.com, password=Pass123, confirm=Pass3213. Submit form | H10: name=John Doe, email=john@example.com, password=Pass123, confirm=Pass321 | I10: Show password mismatch error | J10: 22127223 | K10: Password mismatch error shown | L10: Passed | N10: 22127223 | O10: 08-Jun-2025 | P10: Test executed successfully
A11: 9 | B11: SIGNUP-003 | C11: EP | D11: Sign Up | E11: Short password | F11: User must be on the login or registration page | G11: 1. Navigate to login/register page2. Input: name=John Doe, email=john@example.com, password=123, confirm=1233. Submit form | H11: name=John Doe, email=john@example.com, password=123, confirm=123 | I11: Show password length error | J11: 22127223 | K11: Password length error shown | L11: Passed | N11: 22127223 | O11: 08-Jun-2025 | P11: Test executed successfully
A12: 10 | B12: SIGNUP-004 | C12: EP | D12: Sign Up | E12: Invalid email format | F12: User must be on the login or registration page | G12: 1. Navigate to login/register page2. Input: name=John Doe, email=john@, password=StrongPass1, confirm=StrongPass13. Submit form | H12: name=John Doe, email=john@, password=StrongPass1, confirm=StrongPass1 | I12: Show invalid email error | J12: 22127223 | K12: Invalid email format error shown | L12: Passed | N12: 22127223 | O12: 08-Jun-2025 | P12: Test executed successfully
A13: 11 | B13: SIGNUP-005 | C13: EP | D13: Sign Up | E13: Name too short | F13: User must be on the login or registration page | G13: 1. Navigate to login/register page2. Input: name=Al, email=al@example.com, password=StrongPass1, confirm=StrongPass13. Submit form | H13: name=Al, email=al@example.com, password=StrongPass1, confirm=StrongPass1 | I13: Show name length error | J13: 22127223 | K13: Name length error shown | L13: Passed | N13: 22127223 | O13: 08-Jun-2025 | P13: Test executed successfully
A14: 12 | B14: SIGNUP-006 | C14: BVA | D14: Sign Up | E14: Boundary test for password length = 5 | F14: User must be on the login or registration page | G14: 1. Navigate to login/register page2. Input: name=Alice, email=alice@example.com, password=12345, confirm=123453. Submit form | H14: name=Alice, email=alice@example.com, password=12345, confirm=12345 | I14: Show password too short error | J14: 22127223 | K14: Password too short error shown | L14: Passed | N14: 22127223 | O14: 08-Jun-2025 | P14: Test executed successfully
A15: 13 | B15: SIGNUP-007 | C15: BVA | D15: Sign Up | E15: Boundary test for password length = 6 | F15: User must be on the login or registration page | G15: 1. Navigate to login/register page2. Input: name=Alice, email=alice@example.com, password=123456, confirm=1234563. Submit form | H15: name=Alice, email=alice@example.com, password=123456, confirm=123456 | I15: Account created successfully | J15: 22127223 | K15: Account created successfully | L15: Passed | N15: 22127223 | O15: 08-Jun-2025 | P15: Test executed successfully
A16: 14 | B16: SIGNUP-008 | C16: BVA | D16: Sign Up | E16: Boundary test for name length = 2 | F16: User must be on the login or registration page | G16: 1. Navigate to login/register page2. Input: name=Jo, email=jo@example.com, password=StrongPass1, confirm=StrongPass13. Submit form | H16: name=Jo, email=jo@example.com, password=StrongPass1, confirm=StrongPass1 | I16: Show name too short error | J16: 22127223 | K16: Name length error shown | L16: Passed | N16: 22127223 | O16: 08-Jun-2025 | P16: Test executed successfully
A17: 15 | B17: SIGNUP-009 | C17: BVA | D17: Sign Up | E17: Boundary test for name length = 3 | F17: User must be on the login or registration page | G17: 1. Navigate to login/register page2. Input: name=Joe, email=joe@example.com, password=StrongPass1, confirm=StrongPass13. Submit form | H17: name=Joe, email=joe@example.com, password=StrongPass1, confirm=StrongPass1 | I17: Account created successfully | J17: 22127223 | K17: Account created successfully | L17: Passed | N17: 22127223 | O17: 08-Jun-2025 | P17: Test executed successfully
A18: <<< Insert New Line above this line >>>

Sheet Test Summary Report
A1: TEST SUMMARY REPORT
A2: Project Name | C2: <Project Name> | F2: Reviewer | H2: <Reviewer>
A3: Creator | C3: <Creator> | F3: Approver | H3: <Approver>
A4: Note
B5: Test Coverage: | C5: =D11/J11 -> 1
B6: Successful Test Coverage: | C6: =E11/J11 -> 0.8 | J6: Date: | K6: <yyyy/mm/dd>
A8: No | B8: Requirement ID | C8: Requirement name | D8: Tested | E8: Passed | F8: Failed | G8: Blocked | H8: Skipped | I8: Not Yet Tested | J8: Total | K8: Tested Coverage
A9: 1 | B9: ='Requirement List'!B2 -> R001 | C9: ='Requirement List'!C2 -> Login | D9: =SUM('Test Summary Report'!$E9:$G9) -> 6 | E9: =COUNTIFS('Test Cases'!$D:$D,'Test Summary Report'!$C9,'Test Cases'!$L:$L,'Test Summary Report'!E$8) -> 3 | F9: =COUNTIFS('Test Cases'!$D:$D,'Test Summary Report'!$C9,'Test Cases'!$L:$L,'Test Summary Report'!F$8) -> 3 | G9: =COUNTIFS('Test Cases'!$D:$D,'Test Summary Report'!$C9,'Test Cases'!$L:$L,'Test Summary Report'!G$8) -> 0 | H9: =COUNTIFS('Test Cases'!$D:$D,'Test Summary Report'!$C9,'Test Cases'!$L:$L,'Test Summary Report'!H$8) -> 0 | I9: =COUNTIFS('Test Cases'!$D:$D,'Test Summary Report'!$C9)-sum(D9,H9) -> 0 | J9: =SUM('Test Summary Report'!$E9:$I9) -> 6 | K9: ='Test Summary Report'!$D9/'Test Summary Report'!$J9 -> 1
A10: 2 | B10: ='Requirement List'!B3 -> R002 | C10: ='Requirement List'!C3 -> Sign up | D10: =SUM('Test Summary Report'!$E10:$G10) -> 9 | E10: =COUNTIFS('Test Cases'!$D:$D,'Test Summary Report'!$C10,'Test Cases'!$L:$L,'Test Summary Report'!E$8) -> 9 | F10: =COUNTIFS('Test Cases'!$D:$D,'Test Summary Report'!$C10,'Test Cases'!$L:$L,'Test Summary Report'!F$8) -> 0 | G10: =COUNTIFS('Test Cases'!$D:$D,'Test Summary Report'!$C10,'Test Cases'!$L:$L,'Test Summary Report'!G$8) -> 0 | H10: =COUNTIFS('Test Cases'!$D:$D,'Test Summary Report'!$C10,'Test Cases'!$L:$L,'Test Summary Report'!H$8) -> 0 | I10: =COUNTIFS('Test Cases'!$D:$D,'Test Summary Report'!$C10)-sum(D10,H10) -> 0 | J10: =SUM('Test Summary Report'!$E10:$I10) -> 9 | K10: ='Test Summary Report'!$D10/'Test Summary Report'!$J10 -> 1
A11: <<< Insert New Line above this line >>> | C11: Total | D11: =SUM(D9:D10) -> 15 | E11: =SUM(E9:E10) -> 12 | F11: =SUM(F9:F10) -> 3 | G11: =SUM(G9:G10) -> 0 | H11: =SUM(H9:H10) -> 0 | I11: =SUM(I9:I10) -> 0 | J11: =SUM(J9:J10) -> 15 | K11: =C5 -> 1

Sheet Legend
A1: Test Case Status
A2: Passed | B2: Expected = Actual
A3: Failed | B3: Expected <> Actual | C3: => Bug ID
A4: Blocked | B4: Can not test
A5: Skipped | B5: Do not need to test now
A6: Not Yet Tested
