Workbook

Sheet Self-Assessment
A1: Seft-Assessment
A2: No | B2: Criteria | C2: MAX Score | D2: 22127223 | E2: Student ID2 | F2: Student ID3 | G2: Student ID4
A3: 1 | B3: Các TC của các thành viên trong nhóm không trùng nhau. Tên TC được viết ngắn gọn, rõ ràng, mô tả rõ cần kiểm tra gì và kết quả mong đợi. TC không được quá phức tạp (kiểm tra nhiều điều kiện cùng một lúc). Các bước thực hiện của TC được mô tả rõ ràng, có dữ liệu cụ thể. Số lượng TC của mỗi thành viên phụ thuộc vào số thành viên trong nhóm theo qui định, Score = MIN(4, Number of TC/Hệ số thành viên) | C3: 4 | D3: =min($C3,countif('Test Cases'!$K:$K,D$2)/if($C$9>=4,2,if($C$9=3,3,if($C$9=2,4,if($C$9=1,5,5))))) -> 4 | E3: =min($C3,countif('Test Cases'!$K:$K,E$2)/if($C$9>=4,2,if($C$9=3,3,if($C$9=2,4,if($C$9=1,5,5))))) -> 0 | F3: =min($C3,countif('Test Cases'!$K:$K,F$2)/if($C$9>=4,2,if($C$9=3,3,if($C$9=2,4,if($C$9=1,5,5))))) -> 0 | G3: =min($C3,countif('Test Cases'!$K:$K,G$2)/if($C$9>=4,2,if($C$9=3,3,if($C$9=2,4,if($C$9=1,5,5))))) -> 0
A4: 2 | B4: Các TC nên bao phủ tất cả các chức năng yêu cầu của website. Score = MIN(2.5, Number of requirements * 0.5) | C4: 2.5 | D4: =min($C4,(COUNTIF('Requirement List'!$F:$F,"<>0")-2)*0.5) -> -0.5 | E4: =min($C4,(COUNTIF('Requirement List'!$F:$F,"<>0")-2)*0.5) -> -0.5 | F4: =min($C4,(COUNTIF('Requirement List'!$F:$F,"<>0")-2)*0.5) -> -0.5 | G4: =min($C4,(COUNTIF('Requirement List'!$F:$F,"<>0")-2)*0.5) -> -0.5
A5: 3 | B5: Các TC nên phủ tối thiểu 5 loại kiểm thử như kiểm chức năng, kiểm giao diện & tính tiện dụng, kiểm hiệu năng, kiểm bảo mật, kiểm tương thích. Score = MIN(2.5, Number of Test Type * 0.5) | C5: 2.5 | D5: =min($C5,(COUNTIF('Test Types'!$E:$E,"<>0")-2)*0.5) -> -0.5 | E5: =min($C5,(COUNTIF('Test Types'!$E:$E,"<>0")-2)*0.5) -> -0.5 | F5: =min($C5,(COUNTIF('Test Types'!$E:$E,"<>0")-2)*0.5) -> -0.5 | G5: =min($C5,(COUNTIF('Test Types'!$E:$E,"<>0")-2)*0.5) -> -0.5
A6: 4 | B6: Trình bày rõ ràng, đúng mẫu quy định | C6: 1 | D6: 1 | E6: 1 | F6: 1 | G6: 1
B7: Total | C7: =SUM(C3:C6) -> 10 | D7: =SUM(D3:D6) -> 4 | E7: =SUM(E3:E6) -> 0 | F7: =SUM(F3:F6) -> 0 | G7: =SUM(G3:G6) -> 0
B9: Số thành viên trong nhóm: | C9: 4
B10: Lưu ý: 1 nhóm tối đa 4 thành viên
B11: Số thành viên của nhóm: | C11: Hệ số
B12: Nhóm có >= 4 thành viên, mỗi thành viên có ít nhất 8 TC. | C12: 2
B13: Nhóm có 3 thành viên, mỗi thành viên có ít nhất 12 TC. | C13: 3
B14: Nhóm có 2 thành viên, mỗi thành viên có ít nhất 16 TC. | C14: 4
B15: Nhóm có 1 thành viên (làm cá nhân), thành viên có ít nhất 20 TC. | C15: 5

Sheet Requirement List
A1: No. | B1: ID | C1: Requirement Name | D1: Details | E1: Remark | F1: Number of TCs
A2: 1 | B2: R001 | F2: =countif('Test Cases'!D:D,C2) -> 0
F3: =countif('Test Cases'!D:D,C3) -> 0
A4: <<< Insert New Line above this line >>> | D4: Total | E4: Total | F4: =SUM(F2:F3) -> 0

Sheet Test Types
A1: No. | B1: ID | C1: Test Type | D1: Details | E1: Number of TCs
A2: 1 | E2: =countif('Test Cases'!C:C,B2) -> 0
A3: <<< Insert New Line above this line >>> | D3: Total | E3: =SUM(E2) -> 0

Sheet Test Cases
L1: Test Execution
A2: No. | B2: Scenario ID | C2: Scenario Name | D2: Description | E2: Preconditions | F2: Test steps | G2: Expected Results | H2: Test Data | I2: Priority | J2: Category | K2: Created By | L2: Actual Result | M2: Status | N2: Bug ID | O2: Tester | P2: Tested Date | Q2: Remark
A3: 1 | B3: SC001 | C3: Successful User Registration | D3: New user successfully registers with valid data | E3: User is on registration page | F3: 1. Fill first_name with valid name 2. Fill last_name with valid name 3. Fill email with valid email format 4. Fill password with 9-40 characters 5. Fill phone with 10 digits 6. Fill dob with valid date 7. Fill address with valid address 8. Fill city with valid city 9. Fill state with valid state 10. Fill country with valid country 11. Fill postcode with 5 digits 12. Click Register button | G3: 1. User account is created successfully 2. Success message displayed 3. Redirected to login page 4. No validation errors | H3: TD001-TD100 (Valid Sign Up data) | I3: High | J3: Happy Path | K3: 22127223 | L3: 1. User account created successfully 2. No success message displayed (bug) 3. Redirected to login page 4. No validation errors | M3: Passed | N3: BUG001 | O3: 22127223 | Q3: Missing success message
A4: 2 | B4: SC002 | C4: Successful User Login | D4: Registered user successfully logs in | E4: User has valid account | F4: 1. Enter valid email address 2. Enter valid password 3. Click Login button | G4: 1. User is authenticated successfully 2. JWT token generated 3. Redirected to account page 4. No error messages | H4: TD101-TD150 (Valid Sign In data) | I4: High | J4: Happy Path | K4: 22127223 | L4: 1. User authenticated successfully 2. JWT token generated 3. Redirected to account page 4. No error messages | M4: Passed | O4: 22127223
A5: 3 | B5: SC003 | C5: Registration with Empty Required Fields | D5: User tries to register with empty fields | E5: User is on registration page | F5: 1. Leave first_name empty 2. Leave last_name empty 3. Leave email empty 4. Leave password empty 5. Leave phone empty 6. Leave dob empty 7. Leave address empty 8. Leave city empty 9. Leave state empty 10. Leave country empty 11. Leave postcode empty 12. Click Register button | G5: 1. Validation errors displayed for all empty fields 2. Form submission prevented 3. User stays on registration page 4. Specific error messages for each field | H5: TD151-TD225 (Empty Field data) | I5: High | J5: Negative | K5: 22127223 | L5: 1. Validation errors displayed for required fields 2. Form submission prevented 3. User stays on registration page 4. Generic error messages (not specific) | M5: Passed | N5: BUG002 | O5: 22127223 | Q5: Generic error messages instead of specific ones
A6: 4 | B6: SC004 | C6: Registration with Invalid Email Format | D6: User tries to register with invalid email | E6: User is on registration page | F6: 1. Fill form with invalid email format 2. Fill other fields with valid data 3. Click Register button | G6: 1. Email validation error displayed 2. Form submission prevented 3. User stays on registration page 4. Clear error message about email format | H6: TD226-TD300 (Invalid Format data) | I6: High | J6: Negative | K6: 22127223 | L6: 1. Email validation error displayed 2. Form submission prevented 3. User stays on registration page 4. Clear error message about email format | M6: Passed | O6: 22127223
A7: 5 | B7: SC005 | C7: Registration with Invalid Name Format | D7: User tries to register with numbers in name | E7: User is on registration page | F7: 1. Enter first_name with numbers 2. Enter last_name with special characters 3. Fill other fields with valid data 4. Click Register button | G7: 1. Name validation error displayed 2. Form submission prevented 3. User stays on registration page 4. Clear error message about name format | H7: TD301-TD325 (Special Characters data) | I7: High | J7: Negative | K7: 22127223 | L7: 1. Name validation error displayed 2. Form submission prevented 3. User stays on registration page 4. Generic 'Invalid character' message | M7: Passed | N7: BUG003 | O7: 22127223 | Q7: Generic error message instead of specific format error
A8: 6 | B8: SC006 | C8: Registration with Invalid Phone Format | D8: User tries to register with letters in phone | E8: User is on registration page | F8: 1. Enter phone with letters 2. Enter phone with special characters 3. Fill other fields with valid data 4. Click Register button | G8: 1. Phone validation error displayed 2. Form submission prevented 3. User stays on registration page 4. Clear error message about phone format | H8: TD326-TD350 (Invalid Format data) | I8: High | J8: Negative | K8: 22127223 | L8: 1. Phone validation error displayed 2. Form submission prevented 3. User stays on registration page 4. Generic 'Invalid character' message | M8: Passed | N8: BUG004 | O8: 22127223 | Q8: Generic error message instead of specific phone format error
A9: 7 | B9: SC007 | C9: Registration with Short Password | D9: User tries to register with short password | E9: User is on registration page | F9: 1. Enter password less than 9 characters 2. Fill other fields with valid data 3. Click Register button | G9: 1. Password length error displayed 2. Form submission prevented 3. User stays on registration page 4. Clear error message about minimum length | H9: TD351-TD375 (Password Too Short data) | I9: High | J9: Negative | K9: 22127223 | L9: 1. Password length error displayed 2. Form submission prevented 3. User stays on registration page 4. Clear error message about minimum length | M9: Passed | O9: 22127223 | S9: √
A10: 8 | B10: SC008 | C10: Registration with Long Password | D10: User tries to register with very long password | E10: User is on registration page | F10: 1. Enter password more than 40 characters 2. Fill other fields with valid data 3. Click Register button | G10: 1. Password length error displayed 2. Form submission prevented 3. User stays on registration page 4. Clear error message about maximum length | H10: TD376-TD400 (Password Too Long data) | I10: High | J10: Negative | K10: 22127223 | L10: 1. Password length error displayed 2. Form submission prevented 3. User stays on registration page 4. Clear error message about maximum length | M10: Passed | O10: 22127223
A11: 9 | B11: SC009 | C11: Login with Invalid Credentials | D11: User tries to login with wrong credentials | E11: User is on login page | F11: 1. Enter valid email with wrong password 2. Enter wrong email with valid password 3. Enter wrong email and wrong password 4. Click Login button | G11: 1. Invalid credentials error displayed 2. User stays on login page 3. No authentication token generated 4. Clear error message about invalid credentials | H11: TD401-TD425 (Invalid Format data) | I11: High | J11: Negative | K11: 22127223 | L11: 1. Invalid credentials error displayed 2. User stays on login page 3. No authentication token generated 4. Clear error message about invalid credentials | M11: Passed | O11: 22127223
A12: 10 | B12: SC010 | C12: Login with Empty Fields | D12: User tries to login with empty fields | E12: User is on login page | F12: 1. Leave email empty 2. Leave password empty 3. Leave both email and password empty 4. Click Login button | G12: 1. Required field errors displayed 2. Form submission prevented 3. User stays on login page 4. Clear error messages for empty fields | H12: TD426-TD450 (Empty Field data) | I12: High | J12: Negative | K12: 22127223 | L12: 1. Required field errors displayed 2. Form submission prevented 3. User stays on login page 4. Clear error messages for empty fields | M12: Passed | O12: 22127223
A13: 11 | B13: SC011 | C13: Registration with Duplicate Email | D13: User tries to register with existing email | E13: Email already exists in system | F13: 1. Fill form with existing email address 2. Fill other fields with valid data 3. Click Register button | G13: 1. Duplicate email error displayed 2. Form submission prevented 3. User stays on registration page 4. Clear error message about duplicate email | H13: TD451-TD460 (Duplicate Email data) | I13: Medium | J13: Negative | K13: 22127223 | L13: 1. Duplicate email error displayed 2. Form submission prevented 3. User stays on registration page 4. Inappropriate error message with password hint | M13: Failed | N13: BUG005 | O13: 22127223 | Q13: Security issue: password hint in error message
A14: 12 | B14: SC012 | C14: Account Lockout After Failed Attempts | D14: User account gets locked after multiple failed logins | E14: User has account with failed attempts | F14: 1. Attempt login with wrong password 2. Repeat failed login attempts 3. Try login with correct password after lockout 4. Check lockout duration | G14: 1. Account locked after failed attempts 2. Locked account error displayed 3. Cannot login even with correct password 4. Lockout expires after timeout period | H14: TD461-TD475 (Security data) | I14: Medium | J14: Security | K14: 22127223 | L14: 1. Account locked after 1 failed attempt (too strict) 2. Locked account error displayed 3. Cannot login even with correct password 4. No lockout expiration mechanism | M14: Failed | N14: BUG006 | O14: 22127223 | Q14: Account locks after only 1 failed attempt - too strict
A15: 13 | B15: SC013 | C15: SQL Injection Attempt | D15: Malicious user tries SQL injection | E15: User is on login/register page | F15: 1. Enter SQL injection payload in email field 2. Enter SQL injection payload in password field 3. Enter SQL injection payload in name fields 4. Submit form | G15: 1. Input properly sanitized 2. No SQL injection vulnerability exploited 3. Appropriate error messages displayed 4. System remains secure | H15: TD476-TD490 (SQL Injection data) | I15: High | J15: Security | K15: 22127223 | L15: 1. SQL injection vulnerability exists in login 2. Raw SQL query used with user input 3. No input sanitization 4. Critical security vulnerability | M15: Failed | N15: BUG007 | O15: 22127223 | Q15: Critical SQL injection vulnerability in login
A16: 14 | B16: SC014 | C16: XSS Attack Attempt | D16: Malicious user tries XSS attack | E16: User is on registration page | F16: 1. Enter XSS payload in first_name field 2. Enter XSS payload in last_name field 3. Enter XSS payload in email field 4. Submit form | G16: 1. Input properly sanitized 2. No XSS vulnerability exploited 3. Appropriate error messages displayed 4. System remains secure | H16: TD491-TD505 (XSS Attack data) | I16: High | J16: Security | K16: 22127223 | L16: 1. XSS payload rejected by validation 2. No XSS vulnerability exploited 3. Appropriate error messages displayed 4. System remains secure | M16: Passed | O16: 22127223
A17: 15 | B17: SC015 | C17: Boundary Value Testing - Password | D17: Test password at boundary values | E17: User is on registration page | F17: 1. Test password with exactly 8 characters 2. Test password with exactly 9 characters 3. Test password with exactly 40 characters 4. Test password with exactly 41 characters 5. Submit form for each test | G17: 1. Proper validation at boundaries 2. Correct error messages for invalid lengths 3. Successful submission for valid lengths 4. Clear boundary validation feedback | H17: TD506-TD530 (Boundary Value data) | I17: Medium | J17: Boundary | K17: 22127223 | L17: 1. Proper validation at boundaries 2. Correct error messages for invalid lengths 3. Successful submission for valid lengths 4. Clear boundary validation feedback | M17: Passed | O17: 22127223
A18: 16 | B18: SC016 | C18: Special Characters in Names | D18: User tries to register with special characters in names | E18: User is on registration page | F18: 1. Enter first_name with special characters 2. Enter last_name with special characters 3. Fill other fields with valid data 4. Click Register button | G18: 1. Name validation error displayed 2. Form submission prevented 3. User stays on registration page 4. Clear error message about name format | H18: TD531-TD555 (Special Characters data) | I18: Medium | J18: Negative | K18: 22127223 | L18: 1. Name validation error displayed 2. Form submission prevented 3. User stays on registration page 4. Generic 'Invalid character' message | M18: Passed | N18: BUG008 | O18: 22127223 | Q18: Generic error message instead of specific format error
A19: 17 | B19: SC017 | C19: Unicode Characters in Names | D19: User tries to register with unicode characters | E19: User is on registration page | F19: 1. Enter first_name with unicode characters 2. Enter last_name with unicode characters 3. Fill other fields with valid data 4. Click Register button | G19: 1. Name validation error displayed 2. Form submission prevented 3. User stays on registration page 4. Clear error message about name format | H19: TD556-TD580 (Unicode Characters data) | I19: Medium | J19: Negative | K19: 22127223 | L19: 1. Name validation error displayed 2. Form submission prevented 3. User stays on registration page 4. Generic 'Invalid character' message | M19: Passed | N19: BUG009 | O19: 22127223 | Q19: Generic error message instead of specific format error
A20: 18 | B20: SC018 | C20: Whitespace Handling | D20: User enters data with leading/trailing spaces | E20: User is on registration page | F20: 1. Enter data with leading spaces 2. Enter data with trailing spaces 3. Enter data with both leading and trailing spaces 4. Click Register button | G20: 1. Proper whitespace handling 2. Validation errors if spaces not allowed 3. Appropriate error messages 4. Consistent behavior across fields | H20: TD581-TD595 (Leading/Trailing Spaces data) | I20: Medium | J20: Data Quality | K20: 22127223 | L20: 1. Whitespace not properly handled 2. Spaces may cause validation errors 3. Inconsistent behavior across fields 4. No automatic trimming | M20: Failed | N20: BUG010 | O20: 22127223 | Q20: Whitespace handling inconsistent
A21: 19 | B21: SC019 | C21: Very Long Input Handling | D21: User enters very long data | E21: User is on registration page | F21: 1. Enter very long strings in text fields 2. Enter very long email addresses 3. Enter very long names 4. Click Register button | G21: 1. Proper length validation 2. Appropriate error messages 3. System handles long inputs gracefully 4. No system crashes or errors | H21: TD596-TD610 (Very Long Input data) | I21: Medium | J21: Data Quality | K21: 22127223 | L21: 1. Proper length validation 2. Appropriate error messages 3. System handles long inputs gracefully 4. No system crashes or errors | M21: Passed | O21: 22127223
A22: 20 | B22: SC020 | C22: Null Value Handling | D22: System receives null values | E22: User is on registration page | F22: 1. Submit form with null values 2. Submit form with undefined values 3. Submit form with empty strings 4. Check system response | G22: 1. Proper null handling 2. Appropriate error messages 3. System remains stable 4. Consistent error handling | H22: TD611-TD625 (Null Values data) | I22: Medium | J22: Data Quality | K22: 22127223 | L22: 1. Proper null handling 2. Appropriate error messages 3. System remains stable 4. Consistent error handling | M22: Passed | O22: 22127223
A23: 21 | B23: SC021 | C23: Concurrent Registration | D23: Multiple users register simultaneously | E23: System under load | F23: 1. Multiple users register at same time 2. Use different email addresses 3. Use same email address 4. Check for race conditions | G23: 1. No data corruption 2. Proper handling of concurrent requests 3. Appropriate error handling for duplicates 4. System performance maintained | H23: TD626-TD650 (Valid Sign Up data) | I23: Low | J23: Performance | K23: 22127223 | L23: 1. No data corruption observed 2. Proper handling of concurrent requests 3. Appropriate error handling for duplicates 4. System performance maintained | M23: Passed | O23: 22127223
A24: 22 | B24: SC022 | C24: Session Management | D24: User session handling after login | E24: User successfully logged in | F24: 1. Login successfully 2. Check session timeout 3. Try to access protected pages 4. Logout and verify session cleanup | G24: 1. Proper session management 2. Session timeout works correctly 3. Proper access control 4. Secure session handling | H24: TD651-TD675 (Valid Sign In data) | I24: Medium | J24: Security | K24: 22127223 | L24: 1. Proper session management 2. Session timeout works correctly 3. Proper access control 4. Secure session handling | M24: Passed | O24: 22127223
A25: 23 | B25: SC023 | C25: Password Strength Validation | D25: Test various password strengths | E25: User is on registration page | F25: 1. Enter weak passwords 2. Enter strong passwords 3. Enter passwords with mixed character types 4. Check validation messages | G25: 1. Proper password strength validation 2. Helpful error messages 3. Clear strength indicators 4. Appropriate feedback | H25: TD676-TD700 (Password data) | I25: Medium | J25: Security | K25: 22127223 | L25: 1. Only length validation (no strength validation) 2. No helpful error messages about strength 3. No strength indicators 4. Minimal feedback | M25: Failed | N25: BUG011 | O25: 22127223 | Q25: No password strength validation
A26: 24 | B26: SC024 | C26: Email Verification Flow | D26: Test email verification process | E26: User successfully registered | F26: 1. Check if verification email sent 2. Click verification link 3. Verify account activation 4. Try login before verification | G26: 1. Verification email sent 2. Account properly verified 3. Can login after verification 4. Cannot login before verification | H26: TD701-TD725 (Email data) | I26: Low | J26: Email Flow | K26: 22127223 | L26: 1. Verification email sent (local environment only) 2. No verification mechanism implemented 3. Can login without verification 4. No verification requirement | M26: Failed | N26: BUG012 | O26: 22127223 | Q26: No email verification mechanism
A27: 25 | B27: SC025 | C27: Password Reset Flow | D27: Test password reset functionality | E27: User has valid account | F27: 1. Request password reset 2. Check reset email 3. Reset password 4. Login with new password | G27: 1. Reset email sent 2. Password successfully reset 3. Can login with new password 4. Old password no longer works | H27: TD726-TD750 (Password data) | I27: Low | J27: Password Reset | K27: 22127223 | L27: 1. No password reset functionality 2. No reset email mechanism 3. Cannot reset password 4. Feature not implemented | M27: Skipped | N27: BUG013 | O27: 22127223 | Q27: Password reset feature not implemented
A28: <<< Insert New Line above this line >>>

Sheet Test Summary Report
A1: TEST SUMMARY REPORT
A2: Project Name | C2: <Project Name> | F2: Reviewer | H2: <Reviewer>
A3: Creator | C3: <Creator> | F3: Approver | H3: <Approver>
A4: Note
B5: Test Coverage: | C5: =D12/J12 -> #DIV/0!
B6: Successful Test Coverage: | C6: =E12/J12 -> #DIV/0! | J6: Date: | K6: <yyyy/mm/dd>
A8: No | B8: Requirement ID | C8: Requirement name | D8: Tested | E8: Passed | F8: Failed | G8: Blocked | H8: Skipped | I8: Not Yet Tested | J8: Total | K8: Tested Coverage
A9: 1 | B9: ='Requirement List'!B2 -> R001 | C9: ='Requirement List'!C2 | D9: =SUM('Test Summary Report'!$E9:$G9) -> 0 | E9: =COUNTIFS('Test Cases'!$D:$D,'Test Summary Report'!$C9,'Test Cases'!$M:$M,'Test Summary Report'!E$8) -> 0 | F9: =COUNTIFS('Test Cases'!$D:$D,'Test Summary Report'!$C9,'Test Cases'!$M:$M,'Test Summary Report'!F$8) -> 0 | G9: =COUNTIFS('Test Cases'!$D:$D,'Test Summary Report'!$C9,'Test Cases'!$M:$M,'Test Summary Report'!G$8) -> 0 | H9: =COUNTIFS('Test Cases'!$D:$D,'Test Summary Report'!$C9,'Test Cases'!$M:$M,'Test Summary Report'!H$8) -> 0 | I9: =COUNTIFS('Test Cases'!$D:$D,'Test Summary Report'!$C9)-sum(D9,H9) -> 0 | J9: =SUM('Test Summary Report'!$E9:$I9) -> 0 | K9: ='Test Summary Report'!$D9/'Test Summary Report'!$J9 -> #DIV/0!
A10: 2 | B10: =#REF! -> #REF! | C10: =#REF! -> #REF! | D10: =SUM('Test Summary Report'!$E10:$G10) -> 0 | E10: =COUNTIFS('Test Cases'!$D:$D,'Test Summary Report'!$C10,'Test Cases'!$M:$M,'Test Summary Report'!E$8) -> 0 | F10: =COUNTIFS('Test Cases'!$D:$D,'Test Summary Report'!$C10,'Test Cases'!$M:$M,'Test Summary Report'!F$8) -> 0 | G10: =COUNTIFS('Test Cases'!$D:$D,'Test Summary Report'!$C10,'Test Cases'!$M:$M,'Test Summary Report'!G$8) -> 0 | H10: =COUNTIFS('Test Cases'!$D:$D,'Test Summary Report'!$C10,'Test Cases'!$M:$M,'Test Summary Report'!H$8) -> 0 | I10: =COUNTIFS('Test Cases'!$D:$D,'Test Summary Report'!$C10)-sum(D10,H10) -> 0 | J10: =SUM('Test Summary Report'!$E10:$I10) -> 0 | K10: ='Test Summary Report'!$D10/'Test Summary Report'!$J10 -> #DIV/0!
A11: 3 | B11: =#REF! -> #REF! | C11: =#REF! -> #REF! | D11: =SUM('Test Summary Report'!$E11:$G11) -> 0 | E11: =COUNTIFS('Test Cases'!$D:$D,'Test Summary Report'!$C11,'Test Cases'!$M:$M,'Test Summary Report'!E$8) -> 0 | F11: =COUNTIFS('Test Cases'!$D:$D,'Test Summary Report'!$C11,'Test Cases'!$M:$M,'Test Summary Report'!F$8) -> 0 | G11: =COUNTIFS('Test Cases'!$D:$D,'Test Summary Report'!$C11,'Test Cases'!$M:$M,'Test Summary Report'!G$8) -> 0 | H11: =COUNTIFS('Test Cases'!$D:$D,'Test Summary Report'!$C11,'Test Cases'!$M:$M,'Test Summary Report'!H$8) -> 0 | I11: =COUNTIFS('Test Cases'!$D:$D,'Test Summary Report'!$C11)-sum(D11,H11) -> 0 | J11: =SUM('Test Summary Report'!$E11:$I11) -> 0 | K11: ='Test Summary Report'!$D11/'Test Summary Report'!$J11 -> #DIV/0!
A12: <<< Insert New Line above this line >>> | C12: Total | D12: =SUM(D9:D11) -> 0 | E12: =SUM(E9:E11) -> 0 | F12: =SUM(F9:F11) -> 0 | G12: =SUM(G9:G11) -> 0 | H12: =SUM(H9:H11) -> 0 | I12: =SUM(I9:I11) -> 0 | J12: =SUM(J9:J11) -> 0 | K12: =C5 -> #DIV/0!

Sheet Legend
A1: Test Case Status
A2: Passed | B2: Expected = Actual
A3: Failed | B3: Expected <> Actual | C3: => Bug ID
A4: Blocked | B4: Can not test
A5: Skipped | B5: Do not need to test now
A6: Not Yet Tested
